{"avg_time":0.021049970000000005,"calc_counters":[289.5806451612903],"calc_counters_std":[236.58187891669039],"capture":"MIDACO OpenMP","cmc_iters":[0,6,12,18,24,30,36,42,48,54,60,66,72,78,84,90,96,102,108,114,120,126,132,138,144,150,156,162,168,174,180,186,192,198,204,210,216,222,228,234,240,246,252,258,264,270,276,282,288,294,300,306,312,318,324,330,336,342,348,354,360,366,372,378,384,390,396,402,408,414,420,426,432,438,444,450,456,462,468,474,480,486,492,498,504,510,516,522,528,534,540,546,552,558,564,570,576,582,588,594,600,606,612,618,624,630,636,642,648,654,660,666,672,678,684,690,696,702,708,714,720,726,732,738,744,750,756,762,768,774,780,786,792,798,804,810,816,822,828,834,840,846,852,858,864,870,876,882,888,894,900,906,912,918,924,930,936,942,948,954,960,966,972,978,984,990,996,1002],"cmc_vals":[0.0,0.04,0.05,0.05,0.05,0.05,0.05,0.05,0.05,0.05,0.05,0.05,0.05,0.07,0.08,0.08,0.08,0.08,0.08,0.1,0.1,0.11,0.11,0.12,0.15,0.17,0.2,0.2,0.2,0.2,0.2,0.24,0.26,0.27,0.28,0.32,0.32,0.34,0.35,0.35,0.35,0.35,0.36,0.37,0.39,0.4,0.41,0.43,0.45,0.46,0.46,0.46,0.48,0.48,0.49,0.49,0.49,0.49,0.49,0.49,0.49,0.49,0.49,0.49,0.49,0.49,0.49,0.49,0.49,0.49,0.49,0.5,0.5,0.5,0.5,0.5,0.5,0.5,0.5,0.5,0.5,0.5,0.5,0.5,0.5,0.5,0.5,0.5,0.51,0.51,0.51,0.51,0.51,0.51,0.51,0.51,0.51,0.51,0.51,0.51,0.51,0.52,0.52,0.53,0.53,0.54,0.54,0.54,0.54,0.54,0.54,0.55,0.56,0.56,0.56,0.56,0.56,0.57,0.57,0.57,0.57,0.57,0.57,0.57,0.58,0.58,0.58,0.58,0.58,0.58,0.59,0.59,0.59,0.59,0.59,0.59,0.59,0.59,0.59,0.59,0.59,0.59,0.59,0.59,0.59,0.59,0.59,0.59,0.59,0.6,0.6,0.61,0.61,0.61,0.61,0.61,0.61,0.61,0.61,0.61,0.61,0.61,0.61,0.61,0.61,0.61,0.62,0.62],"num_solved":62}