{"avg_time":0.054553299999999985,"calc_counters":[869.8255813953489],"calc_counters_std":[1130.7265537450269],"capture":"MIDACO OpenMP","cmc_iters":[0,33,66,99,132,165,198,231,264,297,330,363,396,429,462,495,528,561,594,627,660,693,726,759,792,825,858,891,924,957,990,1023,1056,1089,1122,1155,1188,1221,1254,1287,1320,1353,1386,1419,1452,1485,1518,1551,1584,1617,1650,1683,1716,1749,1782,1815,1848,1881,1914,1947,1980,2013,2046,2079,2112,2145,2178,2211,2244,2277,2310,2343,2376,2409,2442,2475,2508,2541,2574,2607,2640,2673,2706,2739,2772,2805,2838,2871,2904,2937,2970,3003,3036,3069,3102,3135,3168,3201,3234,3267,3300,3333,3366,3399,3432,3465,3498,3531,3564,3597,3630,3663,3696,3729,3762,3795,3828,3861,3894,3927,3960,3993,4026,4059,4092,4125,4158,4191,4224,4257,4290,4323,4356,4389,4422,4455,4488,4521,4554,4587,4620,4653,4686,4719,4752,4785,4818,4851,4884,4917,4950,4983,5016],"cmc_vals":[0.0,0.05,0.05,0.08,0.11,0.2,0.27,0.35,0.39,0.46,0.49,0.49,0.49,0.5,0.5,0.5,0.51,0.51,0.51,0.53,0.54,0.56,0.57,0.58,0.59,0.59,0.59,0.6,0.61,0.61,0.61,0.63,0.63,0.65,0.65,0.66,0.67,0.68,0.68,0.68,0.68,0.69,0.69,0.69,0.69,0.69,0.69,0.69,0.7,0.71,0.71,0.71,0.72,0.72,0.72,0.72,0.72,0.72,0.72,0.74,0.74,0.74,0.74,0.74,0.74,0.74,0.75,0.75,0.75,0.75,0.75,0.75,0.75,0.75,0.75,0.75,0.75,0.75,0.75,0.75,0.75,0.75,0.77,0.77,0.78,0.78,0.78,0.78,0.78,0.79,0.79,0.8,0.8,0.81,0.81,0.81,0.81,0.81,0.81,0.81,0.81,0.81,0.81,0.81,0.81,0.81,0.81,0.82,0.82,0.82,0.82,0.82,0.82,0.82,0.82,0.82,0.83,0.83,0.83,0.83,0.83,0.83,0.84,0.84,0.84,0.84,0.84,0.84,0.84,0.84,0.84,0.84,0.84,0.84,0.84,0.84,0.85,0.85,0.85,0.85,0.85,0.85,0.85,0.85,0.85,0.85,0.85,0.85,0.85,0.85,0.85,0.85,0.86],"num_solved":86}