{"avg_time":0.04754703000000002,"calc_counters":[1194.3838383838383],"calc_counters_std":[1502.721293856332],"capture":"MIDACO OpenMP","cmc_iters":[0,53,106,159,212,265,318,371,424,477,530,583,636,689,742,795,848,901,954,1007,1060,1113,1166,1219,1272,1325,1378,1431,1484,1537,1590,1643,1696,1749,1802,1855,1908,1961,2014,2067,2120,2173,2226,2279,2332,2385,2438,2491,2544,2597,2650,2703,2756,2809,2862,2915,2968,3021,3074,3127,3180,3233,3286,3339,3392,3445,3498,3551,3604,3657,3710,3763,3816,3869,3922,3975,4028,4081,4134,4187,4240,4293,4346,4399,4452,4505,4558,4611,4664,4717,4770,4823,4876,4929,4982,5035,5088,5141,5194,5247,5300,5353,5406,5459,5512,5565,5618,5671,5724,5777,5830,5883,5936,5989,6042,6095,6148,6201,6254,6307,6360,6413,6466,6519,6572,6625,6678,6731,6784,6837,6890,6943,6996,7049,7102,7155,7208,7261,7314,7367,7420,7473,7526,7579,7632,7685,7738,7791,7844,7897,7950,8003],"cmc_vals":[0.0,0.03,0.04,0.11,0.21,0.35,0.41,0.49,0.52,0.52,0.53,0.54,0.55,0.59,0.6,0.61,0.61,0.63,0.63,0.63,0.64,0.65,0.66,0.67,0.68,0.7,0.7,0.7,0.71,0.71,0.73,0.73,0.74,0.74,0.74,0.74,0.75,0.76,0.76,0.77,0.79,0.8,0.8,0.81,0.82,0.82,0.83,0.83,0.83,0.83,0.85,0.85,0.85,0.85,0.85,0.86,0.86,0.87,0.88,0.88,0.9,0.9,0.9,0.92,0.93,0.93,0.93,0.93,0.93,0.93,0.93,0.93,0.93,0.93,0.93,0.93,0.93,0.93,0.93,0.93,0.93,0.93,0.93,0.93,0.93,0.93,0.93,0.94,0.94,0.94,0.94,0.94,0.94,0.94,0.95,0.95,0.95,0.95,0.95,0.95,0.95,0.95,0.95,0.95,0.96,0.96,0.96,0.96,0.96,0.96,0.96,0.96,0.96,0.96,0.97,0.97,0.97,0.97,0.98,0.98,0.98,0.98,0.98,0.98,0.98,0.98,0.98,0.98,0.98,0.98,0.98,0.98,0.98,0.98,0.98,0.98,0.99,0.99,0.99,0.99,0.99,0.99,0.99,0.99,0.99,0.99,0.99,0.99,0.99,0.99,0.99,0.99],"num_solved":99}