{"avg_time":0.16282881999999999,"calc_counters":[2610.0281690140846],"calc_counters_std":[2445.721040439565],"capture":"MIDACO OpenMP","cmc_iters":[0,60,120,180,240,300,360,420,480,540,600,660,720,780,840,900,960,1020,1080,1140,1200,1260,1320,1380,1440,1500,1560,1620,1680,1740,1800,1860,1920,1980,2040,2100,2160,2220,2280,2340,2400,2460,2520,2580,2640,2700,2760,2820,2880,2940,3000,3060,3120,3180,3240,3300,3360,3420,3480,3540,3600,3660,3720,3780,3840,3900,3960,4020,4080,4140,4200,4260,4320,4380,4440,4500,4560,4620,4680,4740,4800,4860,4920,4980,5040,5100,5160,5220,5280,5340,5400,5460,5520,5580,5640,5700,5760,5820,5880,5940,6000,6060,6120,6180,6240,6300,6360,6420,6480,6540,6600,6660,6720,6780,6840,6900,6960,7020,7080,7140,7200,7260,7320,7380,7440,7500,7560,7620,7680,7740,7800,7860,7920,7980,8040,8100,8160,8220,8280,8340,8400,8460,8520,8580,8640,8700,8760,8820,8880,8940,9000],"cmc_vals":[0.0,0.05,0.07,0.12,0.13,0.13,0.14,0.14,0.14,0.14,0.14,0.18,0.19,0.2,0.21,0.21,0.22,0.24,0.25,0.27,0.27,0.29,0.29,0.29,0.3,0.32,0.32,0.33,0.34,0.35,0.35,0.35,0.38,0.38,0.39,0.41,0.41,0.42,0.42,0.43,0.43,0.43,0.43,0.45,0.45,0.45,0.46,0.46,0.47,0.48,0.48,0.48,0.48,0.48,0.48,0.48,0.48,0.48,0.48,0.49,0.49,0.49,0.49,0.49,0.5,0.51,0.51,0.51,0.52,0.52,0.53,0.53,0.54,0.54,0.55,0.55,0.56,0.56,0.56,0.56,0.56,0.56,0.58,0.59,0.59,0.6,0.61,0.61,0.61,0.61,0.62,0.62,0.62,0.62,0.62,0.62,0.62,0.62,0.62,0.62,0.62,0.62,0.62,0.62,0.62,0.62,0.62,0.62,0.62,0.63,0.64,0.64,0.64,0.64,0.65,0.65,0.65,0.65,0.65,0.65,0.66,0.66,0.66,0.66,0.66,0.66,0.66,0.66,0.66,0.66,0.67,0.68,0.68,0.68,0.68,0.68,0.69,0.69,0.69,0.69,0.69,0.69,0.69,0.7,0.7,0.7,0.7,0.71,0.71,0.71,0.71],"num_solved":71}