{"avg_time":0.5625745806400001,"calc_counters":[69319.31428571428],"calc_counters_std":[63199.295630646106],"capture":"MIDACO OpenMP","cmc_iters":[0,1666,3332,4998,6664,8330,9996,11662,13328,14994,16660,18326,19992,21658,23324,24990,26656,28322,29988,31654,33320,34986,36652,38318,39984,41650,43316,44982,46648,48314,49980,51646,53312,54978,56644,58310,59976,61642,63308,64974,66640,68306,69972,71638,73304,74970,76636,78302,79968,81634,83300,84966,86632,88298,89964,91630,93296,94962,96628,98294,99960,101626,103292,104958,106624,108290,109956,111622,113288,114954,116620,118286,119952,121618,123284,124950,126616,128282,129948,131614,133280,134946,136612,138278,139944,141610,143276,144942,146608,148274,149940,151606,153272,154938,156604,158270,159936,161602,163268,164934,166600,168266,169932,171598,173264,174930,176596,178262,179928,181594,183260,184926,186592,188258,189924,191590,193256,194922,196588,198254,199920,201586,203252,204918,206584,208250,209916,211582,213248,214914,216580,218246,219912,221578,223244,224910,226576,228242,229908,231574,233240,234906,236572,238238,239904,241570,243236,244902,246568,248234,249900,251566],"cmc_vals":[0.0,0.03,0.04,0.05,0.08,0.08,0.09,0.09,0.09,0.1,0.13,0.14,0.15,0.15,0.17,0.19,0.2,0.22,0.24,0.24,0.25,0.26,0.29,0.31,0.31,0.31,0.32,0.33,0.33,0.34,0.34,0.35,0.35,0.36,0.36,0.4,0.41,0.42,0.43,0.45,0.45,0.47,0.49,0.49,0.49,0.49,0.49,0.5,0.5,0.5,0.5,0.51,0.51,0.51,0.51,0.51,0.51,0.51,0.51,0.51,0.52,0.53,0.54,0.54,0.54,0.54,0.54,0.54,0.54,0.54,0.55,0.55,0.56,0.56,0.56,0.57,0.57,0.57,0.57,0.59,0.59,0.59,0.6,0.61,0.61,0.61,0.61,0.61,0.61,0.61,0.61,0.61,0.61,0.61,0.61,0.61,0.61,0.61,0.61,0.61,0.62,0.62,0.62,0.63,0.63,0.63,0.64,0.64,0.65,0.65,0.65,0.65,0.65,0.65,0.65,0.65,0.65,0.65,0.65,0.65,0.65,0.65,0.65,0.65,0.66,0.66,0.66,0.66,0.66,0.66,0.66,0.66,0.66,0.66,0.66,0.66,0.67,0.68,0.68,0.68,0.68,0.68,0.69,0.69,0.69,0.7,0.7,0.7,0.7,0.7,0.7,0.7],"num_solved":70}