{"avg_time":1.5452290922799994,"calc_counters":[94531.14754098361],"calc_counters_std":[78807.64598703115],"capture":"MIDACO OpenMP","cmc_iters":[0,1668,3336,5004,6672,8340,10008,11676,13344,15012,16680,18348,20016,21684,23352,25020,26688,28356,30024,31692,33360,35028,36696,38364,40032,41700,43368,45036,46704,48372,50040,51708,53376,55044,56712,58380,60048,61716,63384,65052,66720,68388,70056,71724,73392,75060,76728,78396,80064,81732,83400,85068,86736,88404,90072,91740,93408,95076,96744,98412,100080,101748,103416,105084,106752,108420,110088,111756,113424,115092,116760,118428,120096,121764,123432,125100,126768,128436,130104,131772,133440,135108,136776,138444,140112,141780,143448,145116,146784,148452,150120,151788,153456,155124,156792,158460,160128,161796,163464,165132,166800,168468,170136,171804,173472,175140,176808,178476,180144,181812,183480,185148,186816,188484,190152,191820,193488,195156,196824,198492,200160,201828,203496,205164,206832,208500,210168,211836,213504,215172,216840,218508,220176,221844,223512,225180,226848,228516,230184,231852,233520,235188,236856,238524,240192,241860,243528,245196,246864,248532,250200,251868],"cmc_vals":[0.0,0.04,0.05,0.07,0.07,0.08,0.09,0.12,0.12,0.12,0.13,0.16,0.18,0.19,0.21,0.22,0.22,0.22,0.22,0.22,0.23,0.23,0.23,0.23,0.24,0.24,0.24,0.24,0.24,0.24,0.24,0.24,0.24,0.24,0.24,0.25,0.26,0.26,0.27,0.28,0.29,0.29,0.29,0.29,0.29,0.29,0.29,0.29,0.29,0.32,0.32,0.32,0.32,0.32,0.32,0.32,0.32,0.32,0.33,0.33,0.34,0.34,0.34,0.34,0.34,0.34,0.34,0.35,0.35,0.35,0.36,0.36,0.36,0.36,0.37,0.37,0.38,0.38,0.38,0.39,0.4,0.4,0.41,0.41,0.43,0.43,0.43,0.43,0.43,0.44,0.44,0.44,0.44,0.45,0.45,0.46,0.46,0.46,0.47,0.48,0.49,0.49,0.49,0.49,0.49,0.49,0.5,0.5,0.5,0.5,0.5,0.5,0.5,0.5,0.5,0.51,0.52,0.52,0.52,0.52,0.52,0.52,0.52,0.52,0.54,0.54,0.54,0.54,0.54,0.54,0.54,0.54,0.55,0.56,0.56,0.56,0.56,0.56,0.57,0.57,0.59,0.6,0.6,0.6,0.61,0.61,0.61,0.61,0.61,0.61,0.61,0.61],"num_solved":61}