{"avg_time":2.831437038359999,"calc_counters":[82739.9420289855],"calc_counters_std":[68670.08506075024],"capture":"MIDACO OpenMP","cmc_iters":[0,1667,3334,5001,6668,8335,10002,11669,13336,15003,16670,18337,20004,21671,23338,25005,26672,28339,30006,31673,33340,35007,36674,38341,40008,41675,43342,45009,46676,48343,50010,51677,53344,55011,56678,58345,60012,61679,63346,65013,66680,68347,70014,71681,73348,75015,76682,78349,80016,81683,83350,85017,86684,88351,90018,91685,93352,95019,96686,98353,100020,101687,103354,105021,106688,108355,110022,111689,113356,115023,116690,118357,120024,121691,123358,125025,126692,128359,130026,131693,133360,135027,136694,138361,140028,141695,143362,145029,146696,148363,150030,151697,153364,155031,156698,158365,160032,161699,163366,165033,166700,168367,170034,171701,173368,175035,176702,178369,180036,181703,183370,185037,186704,188371,190038,191705,193372,195039,196706,198373,200040,201707,203374,205041,206708,208375,210042,211709,213376,215043,216710,218377,220044,221711,223378,225045,226712,228379,230046,231713,233380,235047,236714,238381,240048,241715,243382,245049,246716,248383,250050,251717],"cmc_vals":[0.0,0.04,0.06,0.1,0.1,0.12,0.12,0.14,0.15,0.17,0.19,0.19,0.19,0.19,0.19,0.19,0.19,0.19,0.19,0.19,0.19,0.19,0.2,0.21,0.22,0.24,0.25,0.25,0.26,0.29,0.3,0.3,0.3,0.32,0.33,0.35,0.36,0.37,0.37,0.37,0.37,0.37,0.38,0.38,0.38,0.38,0.38,0.38,0.38,0.38,0.39,0.39,0.39,0.41,0.42,0.42,0.42,0.42,0.42,0.42,0.42,0.42,0.43,0.44,0.44,0.44,0.44,0.45,0.45,0.45,0.45,0.46,0.48,0.48,0.48,0.48,0.48,0.49,0.5,0.5,0.5,0.51,0.51,0.51,0.51,0.52,0.52,0.52,0.52,0.52,0.52,0.53,0.53,0.53,0.54,0.55,0.56,0.57,0.58,0.59,0.59,0.59,0.59,0.61,0.61,0.62,0.62,0.62,0.63,0.64,0.65,0.65,0.65,0.65,0.65,0.65,0.65,0.65,0.66,0.66,0.66,0.66,0.66,0.66,0.66,0.66,0.66,0.66,0.66,0.66,0.66,0.66,0.66,0.66,0.66,0.66,0.66,0.67,0.67,0.67,0.68,0.68,0.68,0.68,0.68,0.68,0.68,0.68,0.68,0.68,0.69,0.69],"num_solved":69}