{"avg_time":0.9799880916899997,"calc_counters":[72336.0],"calc_counters_std":[72553.49174775275],"capture":"MIDACO OpenMP","cmc_iters":[0,1669,3338,5007,6676,8345,10014,11683,13352,15021,16690,18359,20028,21697,23366,25035,26704,28373,30042,31711,33380,35049,36718,38387,40056,41725,43394,45063,46732,48401,50070,51739,53408,55077,56746,58415,60084,61753,63422,65091,66760,68429,70098,71767,73436,75105,76774,78443,80112,81781,83450,85119,86788,88457,90126,91795,93464,95133,96802,98471,100140,101809,103478,105147,106816,108485,110154,111823,113492,115161,116830,118499,120168,121837,123506,125175,126844,128513,130182,131851,133520,135189,136858,138527,140196,141865,143534,145203,146872,148541,150210,151879,153548,155217,156886,158555,160224,161893,163562,165231,166900,168569,170238,171907,173576,175245,176914,178583,180252,181921,183590,185259,186928,188597,190266,191935,193604,195273,196942,198611,200280,201949,203618,205287,206956,208625,210294,211963,213632,215301,216970,218639,220308,221977,223646,225315,226984,228653,230322,231991,233660,235329,236998,238667,240336,242005,243674,245343,247012,248681,250350,252019],"cmc_vals":[0.0,0.05,0.06,0.08,0.11,0.12,0.14,0.15,0.17,0.2,0.22,0.22,0.24,0.26,0.27,0.29,0.29,0.3,0.33,0.33,0.33,0.33,0.33,0.33,0.33,0.33,0.33,0.33,0.34,0.34,0.34,0.34,0.34,0.34,0.34,0.34,0.34,0.34,0.34,0.34,0.34,0.34,0.34,0.34,0.34,0.34,0.34,0.34,0.34,0.34,0.34,0.34,0.34,0.34,0.34,0.34,0.34,0.35,0.35,0.35,0.37,0.38,0.4,0.41,0.41,0.41,0.41,0.41,0.42,0.42,0.42,0.42,0.43,0.43,0.44,0.44,0.44,0.45,0.45,0.45,0.46,0.46,0.46,0.47,0.48,0.48,0.48,0.48,0.48,0.48,0.48,0.48,0.48,0.48,0.48,0.48,0.48,0.49,0.49,0.49,0.51,0.52,0.52,0.52,0.52,0.52,0.52,0.52,0.52,0.52,0.53,0.53,0.53,0.53,0.55,0.56,0.56,0.56,0.57,0.57,0.57,0.58,0.58,0.58,0.58,0.58,0.59,0.59,0.59,0.59,0.59,0.59,0.59,0.59,0.59,0.59,0.59,0.59,0.59,0.59,0.59,0.59,0.59,0.59,0.59,0.59,0.59,0.59,0.6,0.6,0.6,0.6],"num_solved":60}