{"avg_time":0.38996341999999984,"calc_counters":[8201.283950617284],"calc_counters_std":[5903.547086564114],"capture":"MIDACO OpenMP","cmc_iters":[0,166,332,498,664,830,996,1162,1328,1494,1660,1826,1992,2158,2324,2490,2656,2822,2988,3154,3320,3486,3652,3818,3984,4150,4316,4482,4648,4814,4980,5146,5312,5478,5644,5810,5976,6142,6308,6474,6640,6806,6972,7138,7304,7470,7636,7802,7968,8134,8300,8466,8632,8798,8964,9130,9296,9462,9628,9794,9960,10126,10292,10458,10624,10790,10956,11122,11288,11454,11620,11786,11952,12118,12284,12450,12616,12782,12948,13114,13280,13446,13612,13778,13944,14110,14276,14442,14608,14774,14940,15106,15272,15438,15604,15770,15936,16102,16268,16434,16600,16766,16932,17098,17264,17430,17596,17762,17928,18094,18260,18426,18592,18758,18924,19090,19256,19422,19588,19754,19920,20086,20252,20418,20584,20750,20916,21082,21248,21414,21580,21746,21912,22078,22244,22410,22576,22742,22908,23074,23240,23406,23572,23738,23904,24070,24236,24402,24568,24734,24900,25066],"cmc_vals":[0.0,0.01,0.03,0.06,0.06,0.06,0.07,0.11,0.12,0.14,0.14,0.15,0.15,0.16,0.19,0.19,0.2,0.2,0.22,0.22,0.23,0.23,0.24,0.27,0.27,0.29,0.29,0.29,0.3,0.31,0.31,0.33,0.34,0.35,0.35,0.35,0.35,0.36,0.36,0.36,0.36,0.36,0.36,0.37,0.37,0.37,0.38,0.4,0.41,0.42,0.43,0.43,0.44,0.45,0.45,0.46,0.47,0.48,0.48,0.48,0.5,0.52,0.52,0.54,0.54,0.54,0.54,0.55,0.55,0.55,0.55,0.56,0.57,0.58,0.58,0.59,0.6,0.6,0.6,0.61,0.63,0.63,0.64,0.64,0.65,0.67,0.67,0.67,0.67,0.67,0.69,0.69,0.69,0.69,0.69,0.69,0.69,0.69,0.7,0.7,0.7,0.71,0.72,0.72,0.73,0.75,0.76,0.76,0.76,0.76,0.77,0.78,0.78,0.79,0.8,0.8,0.8,0.8,0.8,0.8,0.8,0.8,0.8,0.8,0.8,0.8,0.8,0.8,0.8,0.8,0.8,0.8,0.8,0.8,0.81,0.81,0.81,0.81,0.81,0.81,0.81,0.81,0.81,0.81,0.81,0.81,0.81,0.81,0.81,0.81,0.81,0.81],"num_solved":81}