{"avg_time":0.31196674632,"calc_counters":[29667.23595505618],"calc_counters_std":[38700.780980404044],"capture":"MIDACO OpenMP","cmc_iters":[0,1002,2004,3006,4008,5010,6012,7014,8016,9018,10020,11022,12024,13026,14028,15030,16032,17034,18036,19038,20040,21042,22044,23046,24048,25050,26052,27054,28056,29058,30060,31062,32064,33066,34068,35070,36072,37074,38076,39078,40080,41082,42084,43086,44088,45090,46092,47094,48096,49098,50100,51102,52104,53106,54108,55110,56112,57114,58116,59118,60120,61122,62124,63126,64128,65130,66132,67134,68136,69138,70140,71142,72144,73146,74148,75150,76152,77154,78156,79158,80160,81162,82164,83166,84168,85170,86172,87174,88176,89178,90180,91182,92184,93186,94188,95190,96192,97194,98196,99198,100200,101202,102204,103206,104208,105210,106212,107214,108216,109218,110220,111222,112224,113226,114228,115230,116232,117234,118236,119238,120240,121242,122244,123246,124248,125250,126252,127254,128256,129258,130260,131262,132264,133266,134268,135270,136272,137274,138276,139278,140280,141282,142284,143286,144288,145290,146292,147294,148296,149298,150300,151302],"cmc_vals":[0.0,0.04,0.17,0.19,0.21,0.25,0.3,0.33,0.35,0.37,0.39,0.41,0.43,0.46,0.46,0.48,0.48,0.48,0.5,0.51,0.52,0.52,0.52,0.56,0.57,0.58,0.6,0.63,0.65,0.66,0.67,0.67,0.7,0.7,0.71,0.71,0.71,0.71,0.71,0.71,0.71,0.72,0.72,0.72,0.72,0.72,0.72,0.72,0.73,0.73,0.73,0.73,0.73,0.73,0.73,0.73,0.73,0.73,0.73,0.73,0.73,0.73,0.73,0.73,0.73,0.73,0.73,0.73,0.73,0.73,0.73,0.73,0.73,0.73,0.73,0.73,0.74,0.74,0.74,0.75,0.75,0.75,0.75,0.75,0.75,0.75,0.75,0.76,0.76,0.77,0.78,0.78,0.79,0.8,0.8,0.8,0.81,0.81,0.81,0.81,0.81,0.82,0.82,0.82,0.82,0.82,0.82,0.82,0.82,0.82,0.82,0.83,0.83,0.83,0.83,0.83,0.83,0.83,0.83,0.83,0.83,0.84,0.84,0.84,0.85,0.85,0.85,0.85,0.85,0.86,0.86,0.87,0.87,0.87,0.87,0.87,0.87,0.87,0.87,0.87,0.87,0.87,0.87,0.87,0.88,0.88,0.88,0.88,0.89,0.89,0.89,0.89],"num_solved":89}