{"avg_time":19.525266611590006,"calc_counters":[19027.37],"calc_counters_std":[24814.74267673321],"capture":"MIDACO OpenMP","cmc_iters":[0,980,1960,2940,3920,4900,5880,6860,7840,8820,9800,10780,11760,12740,13720,14700,15680,16660,17640,18620,19600,20580,21560,22540,23520,24500,25480,26460,27440,28420,29400,30380,31360,32340,33320,34300,35280,36260,37240,38220,39200,40180,41160,42140,43120,44100,45080,46060,47040,48020,49000,49980,50960,51940,52920,53900,54880,55860,56840,57820,58800,59780,60760,61740,62720,63700,64680,65660,66640,67620,68600,69580,70560,71540,72520,73500,74480,75460,76440,77420,78400,79380,80360,81340,82320,83300,84280,85260,86240,87220,88200,89180,90160,91140,92120,93100,94080,95060,96040,97020,98000,98980,99960,100940,101920,102900,103880,104860,105840,106820,107800,108780,109760,110740,111720,112700,113680,114660,115640,116620,117600,118580,119560,120540,121520,122500,123480,124460,125440,126420,127400,128380,129360,130340,131320,132300,133280,134260,135240,136220,137200,138180,139160,140140,141120,142100,143080,144060,145040,146020,147000,147980],"cmc_vals":[0.0,0.06,0.16,0.17,0.18,0.19,0.27,0.33,0.35,0.44,0.46,0.48,0.52,0.58,0.6,0.61,0.65,0.66,0.68,0.72,0.73,0.74,0.75,0.76,0.76,0.78,0.8,0.8,0.82,0.83,0.84,0.85,0.85,0.86,0.86,0.86,0.86,0.87,0.87,0.88,0.88,0.89,0.89,0.89,0.9,0.91,0.91,0.91,0.91,0.91,0.92,0.92,0.92,0.92,0.92,0.92,0.92,0.92,0.92,0.92,0.92,0.92,0.92,0.92,0.93,0.93,0.93,0.93,0.93,0.93,0.93,0.93,0.93,0.95,0.95,0.95,0.96,0.96,0.96,0.96,0.96,0.96,0.96,0.96,0.97,0.97,0.97,0.97,0.97,0.97,0.97,0.97,0.97,0.98,0.98,0.98,0.98,0.98,0.98,0.98,0.98,0.98,0.98,0.98,0.98,0.98,0.98,0.98,0.98,0.98,0.98,0.98,0.98,0.98,0.98,0.98,0.98,0.98,0.98,0.98,0.98,0.98,0.98,0.98,0.98,0.98,0.98,0.98,0.98,0.99,0.99,0.99,0.99,0.99,0.99,0.99,0.99,0.99,0.99,0.99,0.99,0.99,0.99,0.99,0.99,0.99,0.99,0.99,0.99,0.99,0.99,1.0],"num_solved":100}